date,entry_close,pred_close,actual_close,correct,error_pct
2022-01-26,3.9010000228881836,3.7653952,5.499000072479248,False,-31.525820788140102
2022-01-27,3.881999969482422,3.0608287,5.61899995803833,False,-45.52716304292205
2022-01-28,4.014999866485596,3.9965155,5.427000045776367,False,-26.358660793143528
2022-01-31,4.052000045776367,3.7431173,5.019000053405762,False,-25.42105414168077
2022-02-01,4.170000076293945,3.9974763,4.875,False,-18.000485346867485
2022-02-02,4.38100004196167,4.086796,4.688000202178955,False,-12.824325285113112
2022-02-03,3.930999994277954,3.5927956,4.642000198364258,False,-22.602424452849416
2022-02-04,3.819999933242798,3.5281363,4.7210001945495605,False,-25.267186867939547
2022-02-07,3.8010001182556152,3.720861,4.290999889373779,False,-13.286854951600082
2022-02-08,3.8499999046325684,3.4620454,4.311999797821045,False,-19.711373064383302
2022-02-09,3.865000009536743,3.865072,4.502999782562256,True,-14.166728878934926
2022-02-10,3.8570001125335693,4.1753473,4.3379998207092285,True,-3.749481310411879
2022-02-11,3.805999994277954,4.011177,4.164999961853027,True,-3.6932268973253386
2022-02-14,3.806999921798706,3.7642455,4.269999980926514,False,-11.844367051155247
2022-02-15,3.9730000495910645,3.787889,4.328000068664551,False,-12.47946063636606
2022-02-16,3.9760000705718994,3.775268,4.179999828338623,False,-9.68257816051503
2022-02-17,3.884999990463257,3.4943914,4.111999988555908,False,-15.01966315490169
2022-02-18,3.9159998893737793,3.9424365,4.034999847412109,True,-2.2940122486294032
2022-02-22,3.9179999828338623,3.86999,3.9130001068115234,True,-1.0991565356544526
2022-02-23,3.9030001163482666,4.084493,3.8989999294281006,False,4.7574566344480544
2022-02-24,3.9189999103546143,4.0175834,3.9100000858306885,False,2.751490588655459
2022-02-25,4.017000198364258,3.5870326,4.038000106811523,False,-11.16809158863054
2022-02-28,3.928999900817871,3.6835048,4.046000003814697,False,-8.959347098441182
2022-03-01,3.990000009536743,3.8191323,4.035999774932861,False,-5.373326536001148
2022-03-02,4.2170000076293945,3.623969,4.067999839782715,True,-10.915210894955864
2022-03-03,4.210999965667725,4.0747867,4.110000133514404,True,-0.8567754091256884
2022-03-04,4.1570000648498535,3.68942,4.105000019073486,True,-10.123752309988525
2022-03-07,4.044000148773193,4.14773,4.216000080108643,True,-1.6193122664660091
2022-03-08,4.047999858856201,4.083115,4.25,True,-3.926703509162454
2022-03-09,4.159999847412109,3.9035242,4.375999927520752,False,-10.796978404049105
2022-03-10,4.118000030517578,4.088595,4.557000160217285,False,-10.27880689633956
2022-03-11,4.158999919891357,3.7628093,5.163000106811523,False,-27.11971336943122
2022-03-14,4.052000045776367,4.1771135,5.072000026702881,True,-17.643661060163556
2022-03-15,4.182000160217285,4.0106044,5.248000144958496,False,-23.57842471833626
2022-03-16,4.275000095367432,3.564348,5.170000076293945,False,-31.057100003726156
2022-03-17,4.193999767303467,3.9000106,5.138000011444092,False,-24.09477273066858
2022-03-18,4.289000034332275,3.654461,5.313000202178955,False,-31.21662398048351
2022-03-21,4.298999786376953,3.7907171,5.401000022888184,False,-29.814532329665134
2022-03-22,4.295000076293945,3.7501824,5.52400016784668,False,-32.11111013280657
2022-03-23,4.234000205993652,4.061162,5.616000175476074,False,-27.68586417307558
2022-03-24,4.250999927520752,4.037153,5.724999904632568,False,-29.482046560129998
2022-03-25,4.198999881744385,4.087435,5.913000106811523,False,-30.8737579089808
2022-03-28,4.185999870300293,4.1888804,5.908999919891357,True,-29.110162457913614
2022-03-29,4.248000144958496,3.9691901,6.109000205993652,False,-35.027173238547675
2022-03-30,3.9579999446868896,3.4926496,5.818999767303467,False,-39.978523889427855
2022-03-31,3.806999921798706,3.7851725,6.373000144958496,False,-40.606113661275785
2022-04-01,3.7920000553131104,3.5809422,6.421999931335449,False,-44.23945511961396
2022-04-04,3.7739999294281006,3.5893228,6.531000137329102,False,-45.04175884350016
2022-04-05,3.640000104904175,3.839679,6.703000068664551,True,-42.71700785575516
2022-04-06,3.5350000858306885,4.213993,6.611999988555908,True,-36.267497280650765
2022-04-07,3.5399999618530273,3.9919415,6.761000156402588,True,-40.956347290629104
2022-04-08,3.5309998989105225,4.430868,7.196000099182129,True,-38.42595764684179
2022-04-11,3.5190000534057617,3.9667943,6.982999801635742,True,-43.19355055020304
2022-04-12,3.4830000400543213,3.948446,6.795000076293945,True,-41.89189122807707
2022-04-13,3.559999942779541,4.155926,6.767000198364258,True,-38.58539817134682
2022-04-14,3.6519999504089355,4.057229,7.0289998054504395,True,-42.278714549015085
2022-04-18,3.6610000133514404,3.6183684,7.436999797821045,False,-51.3463965901622
2022-04-19,4.465000152587891,3.8919253,6.98199987411499,False,-44.25772837150409
2022-04-20,4.505000114440918,3.8422234,6.926000118255615,False,-44.524641348032254
2022-04-21,4.271999835968018,3.9964418,6.460000038146973,False,-38.13557558009159
2022-04-22,4.236000061035156,3.7935543,6.507999897003174,False,-41.70936745439805
2022-04-25,4.2779998779296875,3.9128928,6.329999923706055,False,-38.18494683077297
2022-04-26,4.125,4.1355205,6.453999996185303,True,-35.92314129740047
2022-04-27,4.164000034332275,4.0511026,6.1579999923706055,False,-34.21398760533122
2022-04-28,4.297999858856201,3.9155252,6.330999851226807,False,-38.153130785115295
2022-04-29,4.210000038146973,4.0037193,6.498000144958496,False,-38.385361026187596
2022-05-02,4.239999771118164,4.2287626,6.688000202178955,False,-36.77089565173435
2022-05-03,4.322999954223633,4.336334,6.665999889373779,True,-34.94848034083915
2022-05-04,5.671999931335449,4.2941914,6.3420000076293945,False,-32.28963488950265
2022-05-05,5.303999900817871,4.0283914,6.438000202178955,False,-37.427908749161666
2022-05-06,5.120999813079834,3.8415608,6.535999774932861,False,-41.22458731807177
2022-05-09,4.916999816894531,4.1658835,6.230000019073486,False,-33.13188558020711
2022-05-10,5.107999801635742,3.815169,5.796999931335449,False,-34.18718059025153
2022-05-11,4.934999942779541,4.1392016,5.579999923706055,False,-25.820758106146346
2022-05-12,5.113999843597412,4.0736,5.502999782562256,False,-25.974923199580058
2022-05-13,5.235000133514404,3.9766269,5.419000148773193,False,-26.616963206457463
2022-05-16,5.258999824523926,3.8531904,5.3429999351501465,False,-27.883390065026738
2022-05-17,5.4079999923706055,4.065897,5.215000152587891,True,-22.03457585907492
2022-05-18,5.236999988555908,3.8922422,5.349999904632568,False,-27.24780817562724
2022-05-19,5.039000034332275,4.1200733,5.565000057220459,False,-25.96454130964931
2022-05-20,4.97599983215332,3.9634948,5.445000171661377,False,-27.208546322779952
2022-05-23,4.933000087738037,4.1616993,5.506999969482422,False,-24.428921044009293
2022-05-24,4.744999885559082,3.8318846,5.706999778747559,False,-32.856408425956054
2022-05-25,4.876999855041504,4.2484055,6.0269999504089355,False,-29.51044480671164
2022-05-26,4.926000118255615,4.2852025,6.046999931335449,False,-29.13506611768754
2022-05-27,4.947000026702881,4.0966887,6.144999980926514,False,-33.332973797856276
2022-05-31,5.00600004196167,3.682747,5.89300012588501,False,-37.50641763894487
2022-06-01,5.170000076293945,3.4901218,5.625,False,-37.953389485677086
2022-06-02,5.548999786376953,3.8711076,5.573999881744385,False,-30.550634007797576
2022-06-03,5.480999946594238,4.223467,5.242000102996826,True,-19.430240553516782
2022-06-06,5.499000072479248,3.986682,5.514999866485596,False,-27.71202112989572
2022-06-07,5.61899995803833,3.7218559,5.4019999504089355,True,-31.102260033375074
2022-06-08,5.427000045776367,3.805242,5.611999988555908,False,-32.194546162246816
2022-06-09,5.019000053405762,3.57478,5.535999774932861,False,-35.42665945324106
2022-06-10,4.875,3.7556353,5.559000015258789,False,-32.44045239742983
2022-06-13,4.688000202178955,3.9112337,6.133999824523926,False,-36.236814876946625
2022-06-14,4.642000198364258,3.592328,6.453000068664551,False,-44.330884342642335
2022-06-15,4.7210001945495605,3.5695171,6.301000118255615,False,-43.34999097558641
2022-06-16,4.290999889373779,4.1316886,6.703999996185303,False,-38.36980016155846
2022-06-17,4.311999797821045,4.1205573,6.565000057220459,False,-37.23446653035346
2022-06-21,4.502999782562256,3.936118,6.682000160217285,False,-41.093717552844936
2022-06-22,4.3379998207092285,3.732498,6.872000217437744,False,-45.68542182150262
2022-06-23,4.164999961853027,4.132101,6.959000110626221,False,-40.62220156240054
2022-06-24,4.269999980926514,3.6178317,7.185999870300293,False,-49.654442355987015
2022-06-27,4.328000068664551,3.7182944,8.083999633789062,False,-54.00427324917467
2022-06-28,4.179999828338623,4.578683,7.96999979019165,True,-42.551028607178964
2022-06-29,4.111999988555908,4.0151076,7.663000106811523,False,-47.603972651463465
2022-06-30,4.034999847412109,3.976148,7.715000152587891,False,-48.46211521127192
2022-07-01,3.9130001068115234,4.067912,7.830999851226807,True,-48.05373286901129
2022-07-05,3.8989999294281006,4.242779,7.64900016784668,True,-44.53158994673438
2022-07-06,3.9100000858306885,3.83143,8.071999549865723,False,-52.53431402375088
2022-07-07,4.038000106811523,4.144054,8.347000122070312,True,-50.35277494428997
2022-07-08,4.046000003814697,3.8187528,8.192999839782715,False,-53.3900544326534
2022-07-11,4.035999774932861,4.636782,8.689000129699707,True,-46.63618252814678
2022-07-12,4.067999839782715,4.4725075,8.217000007629395,True,-45.570068484191715
2022-07-13,4.110000133514404,3.993368,8.70199966430664,False,-54.10976712898648
2022-07-14,4.105000019073486,4.3875456,8.64900016784668,True,-49.27106601357969
2022-07-15,4.216000080108643,3.9925086,8.390999794006348,False,-52.41915447694468
2022-07-18,4.25,4.2178726,8.772000312805176,False,-51.9166385177649
2022-07-19,4.375999927520752,4.233796,9.121999740600586,False,-53.58697390829798
2022-07-20,4.557000160217285,4.067776,9.38700008392334,False,-56.66585525952854
2022-07-21,5.163000106811523,4.629008,9.25,False,-49.956672256057324
2022-07-22,5.072000026702881,4.7659993,9.14900016784668,False,-47.906883487456305
2022-07-25,5.248000144958496,4.397237,9.02299976348877,False,-51.266353327095295
2022-07-26,5.170000076293945,4.823592,9.050999641418457,False,-46.70652549911961
2022-07-27,5.138000011444092,3.8730402,8.670000076293945,False,-55.32825645677105
2022-07-28,5.313000202178955,4.351794,8.331000328063965,False,-47.763850742362905
2022-07-29,5.401000022888184,4.719795,8.628000259399414,False,-45.296765355228196
2022-08-01,5.52400016784668,4.5584836,8.609999656677246,False,-47.05593748681221
2022-08-02,5.616000175476074,4.341096,8.560999870300293,False,-49.29218560746025
2022-08-03,5.724999904632568,4.2716045,8.402000427246094,False,-49.15967245000531
2022-08-04,5.913000106811523,4.5508237,8.916000366210938,False,-48.95891092879061
2022-08-05,5.908999919891357,4.5425715,9.00100040435791,False,-49.5325925943977
2022-08-08,6.109000205993652,4.780404,9.003999710083008,False,-46.907993727186856
2022-08-09,5.818999767303467,4.5751243,8.057999610900879,False,-43.2225802347497
2022-08-10,6.373000144958496,5.0455136,8.072999954223633,False,-37.50137918341474
2022-08-11,6.421999931335449,4.2005696,7.828999996185303,False,-46.346025907319884
2022-08-12,6.531000137329102,4.4203606,8.331000328063965,False,-46.94081873583612
2022-08-15,6.703000068664551,4.259157,8.38700008392334,False,-49.2171558582631
2022-08-16,6.611999988555908,4.1554437,8.199999809265137,False,-49.32385652411523
2022-08-17,6.761000156402588,4.2817326,8.218999862670898,False,-47.90445758916606
2022-08-18,7.196000099182129,3.5726528,8.288999557495117,False,-56.898865876497965
2022-08-19,6.982999801635742,4.3228364,8.0600004196167,False,-46.36679684833136
2022-08-22,6.795000076293945,4.993347,8.190999984741211,False,-39.03861338944306
2022-08-23,6.767000198364258,3.8393192,8.210000038146973,False,-53.23606319991534
2022-08-24,7.0289998054504395,4.9236684,8.38599967956543,False,-41.2870430158763
2022-08-25,7.436999797821045,3.9014149,8.225000381469727,False,-52.5663867444262
2022-08-26,6.98199987411499,4.35391,8.024999618530273,False,-45.74566758512539
2022-08-29,6.926000118255615,3.6719172,8.439000129699707,False,-56.48871734027142
2022-08-30,6.460000038146973,4.0210752,8.47700023651123,False,-52.56487983332694
2022-08-31,6.507999897003174,4.5047717,7.836999893188477,False,-42.51918118108617
2022-09-01,6.329999923706055,5.3712025,7.560999870300293,False,-28.961743671359862
2022-09-02,6.453999996185303,4.099594,8.045000076293945,False,-49.0417143898962
2022-09-06,6.1579999923706055,4.3096085,8.057999610900879,False,-46.51763877423611
2022-09-07,6.330999851226807,4.035042,8.482999801635742,False,-52.43378635581283
2022-09-08,6.498000144958496,4.8951883,7.88700008392334,False,-37.93345658024994
2022-09-09,6.688000202178955,4.524913,7.085999965667725,False,-36.14291763913251
2022-09-12,6.665999889373779,5.3083334,7.197999954223633,False,-26.252661424416875
2022-09-13,6.3420000076293945,3.964135,7.375,False,-46.24901787709382
2022-09-14,6.438000202178955,5.039578,7.824999809265137,False,-35.59644621331568
2022-09-15,6.535999774932861,5.4349895,7.730999946594238,False,-29.698751909106484
2022-09-16,6.230000019073486,4.065523,7.626999855041504,False,-46.69564409529041
2022-09-19,5.796999931335449,5.8512716,7.429999828338623,True,-21.24802470363094
2022-09-20,5.579999923706055,5.13637,7.2129998207092285,False,-28.79009691237851
2022-09-21,5.502999782562256,5.8757105,7.232999801635742,True,-18.765233671969252
2022-09-22,5.419000148773193,4.973038,7.973999977111816,False,-37.63433394986094
2022-09-23,5.3429999351501465,3.7044368,8.187999725341797,False,-54.75773200679266
2022-09-26,5.215000152587891,5.2780266,8.434000015258789,True,-37.419651751700926
2022-09-27,5.349999904632568,4.610567,8.321000099182129,False,-44.591190506671424
2022-09-28,5.565000057220459,3.8416123,8.197999954223633,False,-53.13963941850761
2022-09-29,5.445000171661377,4.886426,8.522000312805176,False,-42.66104444231821
2022-09-30,5.506999969482422,5.969121,8.699999809265137,True,-31.389412526742618
2022-10-03,5.706999778747559,6.272255,9.001999855041504,True,-30.32376088814392
2022-10-04,6.0269999504089355,4.908609,9.053000450134277,False,-45.779203917428006
2022-10-05,6.046999931335449,4.663979,9.288000106811523,False,-49.78489448899876
2022-10-06,6.144999980926514,6.0440645,9.300000190734863,False,-35.01006023837551
2022-10-07,5.89300012588501,4.7437954,9.588000297546387,False,-50.52362069584604
2022-10-10,5.625,4.2567663,9.197999954223633,False,-53.72073993846633
2022-10-11,5.573999881744385,4.983415,8.805999755859375,False,-43.408865944100775
2022-10-12,5.242000102996826,5.433841,8.670999526977539,True,-37.33316197770353
2022-10-13,5.514999866485596,5.4038887,9.427000045776367,False,-42.676475271539715
2022-10-14,5.4019999504089355,5.397269,9.815999984741211,False,-45.01559922050532
2022-10-17,5.611999988555908,5.017513,10.11299991607666,False,-50.385515277885304
2022-10-18,5.535999774932861,5.289594,9.79699993133545,False,-46.00802071547671
2022-10-19,5.559000015258789,5.761265,10.199999809265137,True,-43.517010698449575
2022-10-20,6.133999824523926,6.104418,9.836999893188477,False,-37.94431364048039
2022-10-21,6.453000068664551,5.287433,9.782999992370605,False,-45.952845225862305
2022-10-24,6.301000118255615,5.403814,9.829999923706055,False,-45.027325728386955
2022-10-25,6.703999996185303,6.1860113,9.85099983215332,False,-37.20422881136223
2022-10-26,6.565000057220459,5.9752626,10.234999656677246,False,-41.619317612692676
2022-10-27,6.682000160217285,5.6202497,9.855999946594238,False,-42.97636182341834
2022-10-28,6.872000217437744,5.0698566,9.276000022888184,False,-45.344365770083265
2022-10-31,6.959000110626221,4.966931,8.928000450134277,False,-44.36681657910589
2022-11-01,7.185999870300293,5.3711286,9.246999740600586,False,-41.91490526889862
2022-11-02,8.083999633789062,4.624633,9.175000190734863,False,-49.595283495925706
2022-11-03,7.96999979019165,5.7459106,9.722999572753906,False,-40.90392988772086
2022-11-04,7.663000106811523,6.112441,9.550000190734863,False,-35.99538281834422
2022-11-07,7.715000152587891,5.6339483,9.85200023651123,False,-42.81416777446281
2022-11-08,7.830999851226807,5.1999946,10.824999809265137,False,-51.9630978690114
2022-11-09,7.64900016784668,5.7044616,11.253999710083008,False,-49.3116960946468
2022-11-10,8.071999549865723,4.730242,11.399999618530273,False,-58.506649703532766
2022-11-11,8.347000122070312,4.8008075,11.083000183105469,False,-56.68314177814522
2022-11-14,8.192999839782715,5.268298,11.09000015258789,False,-52.49505792044997
2022-11-15,8.689000129699707,5.4382186,10.277999877929688,False,-47.08874627178104
2022-11-16,8.217000007629395,5.409392,10.5649995803833,False,-48.7989389977889
2022-11-17,8.70199966430664,4.5553155,10.333999633789062,False,-55.91914402974386
2022-11-18,8.64900016784668,4.6353364,10.654999732971191,False,-56.4961378203077
2022-11-21,8.390999794006348,4.7726173,11.272000312805176,False,-57.65953506347831
2022-11-22,8.772000312805176,5.3692493,10.946000099182129,False,-50.9478412641961
2022-11-23,9.121999740600586,5.8031716,10.803000450134277,False,-46.28185325492659
2022-11-25,9.38700008392334,5.804236,10.069000244140625,False,-42.35538986515771
2022-11-28,9.25,5.2695756,10.654999732971191,False,-50.54363465116418
2022-11-29,9.14900016784668,4.752884,10.468000411987305,False,-54.5960668315402
2022-11-30,9.02299976348877,7.413558,10.810999870300293,False,-31.42578766786446
2022-12-01,9.050999641418457,4.954739,10.824000358581543,False,-54.224510997431054
2022-12-02,8.670000076293945,5.177812,10.914999961853027,False,-52.56241761289245
2022-12-05,8.331000328063965,6.370235,11.043000221252441,False,-42.314272945331915
2022-12-06,8.628000259399414,5.8504605,11.588000297546387,False,-49.512768561404386
2022-12-07,8.609999656677246,4.7139406,10.982000350952148,False,-57.07575605737746
2022-12-08,8.560999870300293,4.3454595,10.800999641418457,False,-59.76798809853969
2022-12-09,8.402000427246094,5.0722637,10.732000350952148,False,-52.73701498526924
2022-12-12,8.916000366210938,6.295433,9.859000205993652,False,-36.145319881357075
2022-12-13,9.00100040435791,5.067,9.32800006866455,False,-45.67967543993186
2022-12-14,9.003999710083008,6.7765913,9.48900032043457,False,-28.584771080985632
2022-12-15,8.057999610900879,5.905845,9.857999801635742,False,-40.09083704513033
2022-12-16,8.072999954223633,7.4050097,10.543000221252441,False,-29.76373336666927
2022-12-19,7.828999996185303,8.272182,10.51099967956543,True,-21.29975533457901
2022-12-20,8.331000328063965,3.9483027,10.442999839782715,False,-62.19187200618359
2022-12-21,8.38700008392334,5.039122,13.395000457763672,False,-62.380575345750536
2022-12-22,8.199999809265137,5.0533357,13.640000343322754,False,-62.95208548781104
2022-12-23,8.218999862670898,4.934125,13.722999572753906,False,-64.04485097856731
2022-12-27,8.288999557495117,5.2614207,13.663000106811523,False,-61.49146830385293
2022-12-28,8.0600004196167,3.6108313,13.225000381469727,False,-72.69692887313269
2022-12-29,8.190999984741211,6.3233747,13.428000450134277,False,-52.909036816671026
2022-12-30,8.210000038146973,4.6706786,13.642999649047852,False,-65.76501696314244
2023-01-03,8.38599967956543,5.2486715,13.449999809265137,False,-60.97641928543629
2023-01-04,8.225000381469727,5.4401727,13.784000396728516,False,-60.532700843777576
2023-01-05,8.024999618530273,4.5840163,14.583999633789062,False,-68.56818130693667
2023-01-06,8.439000129699707,5.22252,15.430999755859375,False,-66.15566096040092
2023-01-09,8.47700023651123,5.773477,16.45599937438965,False,-64.91567029062148
2023-01-10,7.836999893188477,5.3436823,16.41900062561035,False,-67.45427805887003
2023-01-11,7.560999870300293,5.149995,16.481000900268555,False,-68.75192907686345
2023-01-12,8.045000076293945,5.3493104,16.19099998474121,False,-66.96121052965768
2023-01-13,8.057999610900879,5.7471685,16.761999130249023,False,-65.71310798732152
2023-01-17,8.482999801635742,5.3418436,20.68600082397461,False,-74.17652812403243
2023-01-18,7.88700008392334,5.371006,21.917999267578125,False,-75.49499867030349
2023-01-19,7.085999965667725,4.6949086,23.40999984741211,False,-79.94485839586194
2023-01-20,7.197999954223633,7.3261766,22.395000457763672,True,-67.2865528304474
2023-01-23,7.375,5.98845,23.101999282836914,False,-74.07821731341244
2023-01-24,7.824999809265137,5.9352684,22.194000244140625,False,-73.25732929255706
2023-01-25,7.730999946594238,6.5520625,22.365999221801758,False,-70.70525467488471
2023-01-26,7.626999855041504,5.124076,23.315000534057617,False,-78.02240715327304
2023-01-27,7.429999828338623,7.7679515,23.97800064086914,True,-67.60383984953758
2023-01-30,7.2129998207092285,6.8872933,25.434999465942383,False,-72.92198355263281
2023-01-31,7.232999801635742,5.558258,26.166000366210938,False,-78.75770855748287
2023-02-01,7.973999977111816,5.1197243,25.864999771118164,False,-80.20597595597694
2023-02-02,8.187999725341797,5.5505476,24.423999786376953,False,-77.27420713912541
2023-02-03,8.434000015258789,7.8885474,24.777000427246094,False,-68.1618142451697
2023-02-06,8.321000099182129,6.1696854,24.392000198364258,False,-74.70611137423951
2023-02-07,8.197999954223633,5.4862638,23.07699966430664,False,-76.22626930801025
2023-02-08,8.522000312805176,7.8153367,22.239999771118164,False,-64.85909719116324
2023-02-09,8.699999809265137,5.7066007,21.990999221801758,False,-74.05028935479817
2023-02-10,9.001999855041504,5.674058,22.645999908447266,False,-74.94454657136268
2023-02-13,9.053000450134277,6.072476,21.606000900268555,False,-71.89449385743897
2023-02-14,9.288000106811523,6.5972557,21.649999618530273,False,-69.52768672965469
2023-02-15,9.300000190734863,5.5428953,22.617000579833984,False,-75.49235011286221
2023-02-16,9.588000297546387,6.808039,23.5939998626709,False,-71.14504014575202
2023-02-17,9.197999954223633,6.8666515,23.593000411987305,False,-70.89538670314556
2023-02-21,8.805999755859375,6.807608,24.924999237060547,False,-72.68762954475088
2023-02-22,8.670999526977539,6.016682,24.920000076293945,False,-75.85601071605403
2023-02-23,9.427000045776367,6.0880423,25.5,False,-76.12532447366154
2023-02-24,9.815999984741211,5.1923494,25.05299949645996,False,-79.27453982253655
2023-02-27,10.11299991607666,6.0002756,26.000999450683594,False,-76.92290397044839
2023-02-28,9.79699993133545,6.258467,26.993000030517578,False,-76.81448082709386
2023-03-01,10.199999809265137,6.2458982,27.094999313354492,False,-76.9481513007949
2023-03-02,9.836999893188477,6.5107055,27.663999557495117,False,-76.46506081845693
2023-03-03,9.782999992370605,8.091624,29.405000686645508,False,-72.48214905288678
2023-03-06,9.829999923706055,7.333558,29.538000106811523,False,-75.17246240076547
2023-03-07,9.85099983215332,5.150064,30.204999923706055,False,-82.94963084073818
2023-03-08,10.234999656677246,6.3703575,31.84000015258789,False,-79.9925958451669
2023-03-09,9.855999946594238,6.3890224,30.367000579833984,False,-78.96064073396147
2023-03-10,9.276000022888184,5.4871464,30.295000076293945,False,-81.8876172182049
2023-03-13,8.928000450134277,6.229725,30.315000534057617,False,-79.45002548479466
2023-03-14,9.246999740600586,5.855298,30.937000274658203,False,-81.07347839055461
2023-03-15,9.175000190734863,5.129557,32.1349983215332,False,-84.03747502521665
2023-03-16,9.722999572753906,7.2104487,31.736000061035156,False,-77.27990695725487
2023-03-17,9.550000190734863,5.0772295,32.73400115966797,False,-84.4894320280265
2023-03-20,9.85200023651123,6.362426,33.45000076293945,False,-80.97929548872429
2023-03-21,10.824999809265137,5.450554,33.027000427246094,False,-83.49667295384641
2023-03-22,11.253999710083008,5.0245414,33.75600051879883,False,-85.11511642138097
2023-03-23,11.399999618530273,6.8764763,31.961000442504883,False,-78.48479023611294
2023-03-24,11.083000183105469,5.4437623,32.12099838256836,False,-83.05232534318442
2023-03-27,11.09000015258789,6.3523965,33.808998107910156,False,-81.21092950487801
2023-03-28,10.277999877929688,6.778221,35.32899856567383,False,-80.81400151274904
2023-03-29,10.5649995803833,6.7097497,34.7400016784668,False,-80.68581066650357
2023-03-30,10.333999633789062,6.904724,26.613000869750977,False,-74.05507122294563
2023-03-31,10.654999732971191,6.7039795,27.711999893188477,False,-75.80838799788204
2023-04-03,11.272000312805176,6.935077,25.44300079345703,False,-72.74269160820603
2023-04-04,10.946000099182129,7.238041,26.945999145507812,False,-73.13871760706662
2023-04-05,10.803000450134277,7.863349,26.422000885009766,False,-70.23938877642817
2023-04-06,10.069000244140625,7.6734614,25.37299919128418,False,-69.75737326369665
2023-04-10,10.654999732971191,6.981352,24.4060001373291,False,-71.39493643721251
2023-04-11,10.468000411987305,7.2400723,24.354999542236328,False,-70.27274733546798
2023-04-12,10.810999870300293,6.4758563,25.263999938964844,False,-74.36725649218775
2023-04-13,10.824000358581543,9.468562,25.80900001525879,False,-63.31294462954137
2023-04-14,10.914999961853027,6.624596,27.76099967956543,False,-76.13704046903148
2023-04-17,11.043000221252441,8.001262,26.25,False,-69.51900300525483
2023-04-18,11.588000297546387,7.3748827,25.395999908447266,False,-70.96045548651134
2023-04-19,10.982000350952148,8.389814,25.516000747680664,False,-67.11939907905173
2023-04-20,10.800999641418457,5.9441576,26.163000106811523,False,-77.28029057777944
2023-04-21,10.732000350952148,9.00842,26.79199981689453,False,-66.37645546392169
2023-04-24,9.859000205993652,7.6751685,27.507999420166016,False,-72.09841254895086
2023-04-25,9.32800006866455,7.41739,28.215999603271484,False,-73.71211378656974
2023-04-26,9.48900032043457,6.7404013,28.027999877929688,False,-75.95118703667107
2023-04-27,9.857999801635742,7.0685854,27.402999877929688,False,-74.20506722876713
2023-04-28,10.543000221252441,7.400715,26.74799919128418,False,-72.33170667703962
2023-05-01,10.51099967956543,8.029662,28.06599998474121,False,-71.39007291160581
2023-05-02,10.442999839782715,8.243659,27.73200035095215,False,-70.27383919246498
2023-05-03,13.395000457763672,7.180751,26.76799964904785,False,-73.17412230645253
2023-05-04,13.640000343322754,10.339231,27.09600067138672,False,-61.842226597179184
2023-05-05,13.722999572753906,9.503126,27.07699966430664,False,-64.90332657891797
2023-05-08,13.663000106811523,7.4694734,24.926000595092773,False,-70.03340614763717
2023-05-09,13.225000381469727,10.374995,24.43000030517578,False,-57.531743340050824
2023-05-10,13.428000450134277,8.34572,24.77400016784668,False,-66.31258482847143
2023-05-11,13.642999649047852,8.848622,24.30699920654297,False,-63.596401814582514
2023-05-12,13.449999809265137,10.245224,23.15399932861328,False,-55.75181698151567
2023-05-15,13.784000396728516,8.224048,23.575000762939453,False,-65.11538750931425
2023-05-16,14.583999633789062,10.067093,24.88599967956543,False,-59.54716296257862
2023-05-17,15.430999755859375,7.818706,24.92099952697754,False,-68.62603352987472
2023-05-18,16.45599937438965,8.566709,25.753999710083008,False,-66.73639566205195
2023-05-19,16.41900062561035,7.045661,26.937999725341797,False,-73.84489923367606
2023-05-22,16.481000900268555,7.8951106,27.422000885009766,False,-71.20884562634859
2023-05-23,16.19099998474121,9.96382,28.88599967956543,False,-65.50640252029389
2023-05-24,16.761999130249023,9.2182665,26.996999740600586,False,-65.85447799498142
2023-05-25,20.68600082397461,10.127308,28.040000915527344,False,-63.88264065199215
2023-05-26,21.917999267578125,7.3384438,28.760000228881836,False,-74.48385362412485
2023-05-30,23.40999984741211,8.3904085,28.966999053955078,False,-71.03459526372798
2023-05-31,22.395000457763672,8.633634,29.0,False,-70.22884960832268
2023-06-01,23.101999282836914,8.023633,31.0310001373291,False,-74.14316983749826
2023-06-02,22.194000244140625,8.572839,30.88599967956543,False,-72.2436091685384
2023-06-05,22.365999221801758,7.7466316,29.320999145507812,False,-73.57991934766216
2023-06-06,23.315000534057617,7.9015813,28.520000457763672,False,-72.29459621122454
2023-06-07,23.97800064086914,7.9318686,29.16900062561035,False,-72.80719811086894
2023-06-08,25.434999465942383,7.2648153,29.854000091552734,False,-75.66552117563312
2023-06-09,26.166000366210938,7.405594,28.503000259399414,False,-74.01819526129297
2023-06-12,25.864999771118164,8.884219,26.5049991607666,False,-66.48096792710956
2023-06-13,24.423999786376953,8.212054,24.857999801635742,False,-66.96413903710736
2023-06-14,24.777000427246094,10.937936,25.48900032043457,False,-57.087623321211076
2023-06-15,24.392000198364258,9.278324,26.261999130249023,False,-64.67015294159259
2023-06-16,23.07699966430664,7.835176,25.39900016784668,False,-69.1516361302398
2023-06-20,22.239999771118164,8.461674,23.945999145507812,False,-64.66351775444858
2023-06-21,21.990999221801758,7.542534,24.139999389648438,False,-68.7550370123619
2023-06-22,22.645999908447266,8.438988,23.66200065612793,False,-64.33527386557618
2023-06-23,21.606000900268555,7.537715,23.94700050354004,False,-68.52334405272748
2023-06-26,21.649999618530273,8.238361,25.226999282836914,False,-67.34307847605358
2023-06-27,22.617000579833984,9.3459425,24.59000015258789,False,-61.99291403310612
2023-06-28,23.5939998626709,8.420814,25.5,False,-66.97720172358494
2023-06-29,23.593000411987305,9.650472,25.259000778198242,False,-61.79392933212746
2023-06-30,24.924999237060547,8.380032,25.437999725341797,False,-67.0570340585977
2023-07-03,24.920000076293945,10.35977,26.027000427246094,False,-60.19606696466653
2023-07-05,25.5,11.513279,26.488000869750977,False,-56.533982999337304
2023-07-06,25.05299949645996,7.690077,26.60300064086914,False,-71.09319759896195
2023-07-07,26.000999450683594,9.927142,25.579999923706055,True,-61.191781966935764
2023-07-10,26.993000030517578,11.664999,29.386999130249023,False,-60.305579496303395
2023-07-11,27.094999313354492,8.745906,28.777999877929688,False,-69.60905582994653
2023-07-12,27.663999557495117,12.388112,28.367000579833984,False,-56.32914367061092
2023-07-13,29.405000686645508,9.545332,28.858999252319336,True,-66.92424476850522
2023-07-14,29.538000106811523,10.412289,30.459999084472656,False,-65.81651681309711
2023-07-17,30.204999923706055,10.974272,28.985000610351562,True,-62.138100592715894
2023-07-18,31.84000015258789,10.809754,28.666000366210938,True,-62.29067803827738
2023-07-19,30.367000579833984,6.700286,28.566999435424805,True,-76.54536337739658
2023-07-20,30.295000076293945,11.459254,29.03700065612793,True,-60.535682040516825
2023-07-21,30.315000534057617,9.423733,28.56100082397461,True,-67.00489308603672
2023-07-24,30.937000274658203,7.584306,28.76300048828125,True,-73.63172953275628
2023-07-25,32.1349983215332,10.098571,27.347000122070312,True,-63.072473110060024
2023-07-26,31.736000061035156,9.959214,26.96299934387207,True,-63.06340372784342
2023-07-27,32.73400115966797,12.54874,26.635000228881836,True,-52.88627640650222
2023-07-28,33.45000076293945,12.047325,26.29599952697754,True,-54.18571132115447
2023-07-31,33.027000427246094,11.836245,25.341999053955078,True,-53.293958547115395
2023-08-01,33.75600051879883,9.443391,25.614999771118164,True,-63.133355726591866
2023-08-02,31.961000442504883,17.414972,27.264999389648438,True,-36.12700276857624
2023-08-03,32.12099838256836,11.414716,26.22599983215332,True,-56.47557446823366
2023-08-04,33.808998107910156,8.70553,26.53700065612793,True,-67.19474714028884
2023-08-07,35.32899856567383,13.756562,27.332000732421875,True,-49.66865994316754
2023-08-08,34.7400016784668,14.203383,29.440000534057617,True,-51.75481254048013
2023-08-09,26.613000869750977,11.382374,30.01099967956543,False,-62.07266025341788
2023-08-10,27.711999893188477,9.32901,32.21900177001953,False,-71.0450060608443
2023-08-11,25.44300079345703,8.193583,31.5939998626709,False,-74.06601705891958
2023-08-14,26.945999145507812,13.718634,30.20800018310547,False,-54.58609120571356
2023-08-15,26.422000885009766,6.3938193,30.417999267578125,False,-78.98014502571891
2023-08-16,25.37299919128418,14.887667,28.972000122070312,False,-48.61360403305615
2023-08-17,24.4060001373291,4.9353895,29.433000564575195,False,-83.23178261112155
2023-08-18,24.354999542236328,13.897044,29.5,False,-52.89137565483482
2023-08-21,25.263999938964844,9.864503,29.145000457763672,False,-66.15370474570845
2023-08-22,25.80900001525879,13.542855,28.426000595092773,False,-52.357507284741736
2023-08-23,27.76099967956543,17.264486,28.545000076293945,False,-39.51835254257357
2023-08-24,26.25,10.966009,28.06399917602539,False,-60.924994790540296
2023-08-25,25.395999908447266,12.002235,28.8799991607666,False,-58.44101190659777
2023-08-28,25.516000747680664,10.813694,29.21299934387207,False,-62.983280583571776
2023-08-29,26.163000106811523,9.174094,32.02799987792969,False,-71.35601899868843
2023-08-30,26.79199981689453,22.670885,34.37300109863281,False,-34.0444989920845
2023-08-31,27.507999420166016,14.114346,34.237998962402344,False,-58.77578720054157
2023-09-01,28.215999603271484,10.204206,34.33100128173828,False,-70.27699139056939
2023-09-05,28.027999877929688,9.661964,33.95600128173828,False,-71.5456353757998
2023-09-06,27.402999877929688,10.025008,32.63100051879883,False,-69.27765608711974
2023-09-07,26.74799919128418,14.97647,31.822999954223633,False,-52.938220736151585
2023-09-08,28.06599998474121,20.196304,31.143999099731445,False,-35.15185941081274
2023-09-11,27.73200035095215,20.577213,42.33599853515625,False,-51.39546957829284
2023-09-12,26.76799964904785,13.248898,43.624000549316406,False,-69.62933847043094
2023-09-13,27.09600067138672,12.244745,45.737998962402344,False,-73.22850686016663
2023-09-14,27.07699966430664,17.00088,47.01900100708008,False,-63.842534031806096
2023-09-15,24.926000595092773,21.397476,47.55799865722656,False,-55.00761848598593
2023-09-18,24.43000030517578,19.256756,47.415000915527344,False,-59.386785917890236
2023-09-19,24.77400016784668,14.6800785,49.56700134277344,False,-70.38336371217665
2023-09-20,24.30699920654297,21.612053,51.297000885009766,False,-57.86877878898367
2023-09-21,23.15399932861328,13.954205,52.96099853515625,False,-73.65192321654742
2023-09-22,23.575000762939453,7.5491514,58.349998474121094,False,-87.06229371378407
2023-09-25,24.88599967956543,16.624462,57.9630012512207,False,-71.31883827817587
2023-09-26,24.92099952697754,15.29473,66.33499908447266,False,-76.94319680778814
2023-09-27,25.753999710083008,14.344478,68.15899658203125,False,-78.9543884551771
2023-09-28,26.937999725341797,13.444276,68.36000061035156,False,-80.33312502050762
2023-09-29,27.422000885009766,20.635124,69.80000305175781,False,-70.43678609692653
2023-10-02,28.88599967956543,18.129622,74.02899932861328,False,-75.51010864639643
2023-10-03,26.996999740600586,17.255232,77.3010025024414,False,-77.67786794646702
2023-10-04,28.040000915527344,14.769898,79.14900207519531,False,-81.33912238011578
2023-10-05,28.760000228881836,7.3218975,88.05500030517578,False,-91.68485891620229
2023-10-06,28.966999053955078,16.007622,100.4000015258789,False,-84.05615386269628
2023-10-09,29.0,19.165363,80.33200073242188,False,-76.14230551084424
2023-10-10,31.0310001373291,14.845923,78.75700378417969,False,-81.14971023472421
2023-10-11,30.88599967956543,16.125477,73.41699981689453,False,-78.03577253582154
2023-10-12,29.320999145507812,17.586624,97.552001953125,False,-81.9720520405533
2023-10-13,28.520000457763672,25.952564,86.0009994506836,False,-69.82295042468176
2023-10-16,29.16900062561035,20.199429,87.63400268554688,False,-76.95023856113214
2023-10-17,29.854000091552734,14.422079,85.11100006103516,False,-83.05497635327832
2023-10-18,28.503000259399414,18.355867,81.65399932861328,False,-77.51994080290936
2023-10-19,26.5049991607666,12.72576,86.61199951171875,False,-85.3071623659051
2023-10-20,24.857999801635742,25.846867,90.5479965209961,True,-71.45506515798758
2023-10-23,25.48900032043457,18.387835,107.43399810791016,False,-82.8845292246493
2023-10-24,26.261999130249023,22.48707,109.08300018310547,False,-79.3853578963985
2023-10-25,25.39900016784668,12.912354,112.47000122070312,False,-88.51929018480133
2023-10-26,23.945999145507812,17.316133,115.97599792480469,False,-85.0692093114191
2023-10-27,24.139999389648438,16.491365,114.0009994506836,False,-85.53401679616557
2023-10-30,23.66200065612793,21.284008,108.02200317382812,False,-80.29659939570553
2023-10-31,23.94700050354004,20.695982,116.30000305175781,False,-82.2046591261398
2023-11-01,25.226999282836914,20.730934,118.80699920654297,False,-82.55074677290165
2023-11-02,24.59000015258789,23.891361,113.01100158691406,False,-78.85926069047535
2023-11-03,25.5,18.578619,106.88300323486328,False,-82.6177984889969
2023-11-06,25.259000778198242,21.451986,100.06800079345703,False,-78.5625912951497
2023-11-07,25.437999725341797,22.898458,91.09700012207031,False,-74.86365253504403
2023-11-08,26.027000427246094,22.594414,89.64700317382812,False,-74.79624197418737
2023-11-09,26.488000869750977,21.948349,97.16100311279297,False,-77.41033100127231
2023-11-10,26.60300064086914,22.081665,97.27400207519531,False,-77.29952035694717
2023-11-13,25.579999923706055,25.115437,104.27899932861328,False,-75.91515385105578
2023-11-14,29.386999130249023,21.991673,102.50599670410156,False,-78.54596489671594
2023-11-15,28.777999877929688,20.019114,102.3290023803711,False,-80.43652036571646
2023-11-16,28.367000579833984,25.15106,101.00299835205078,False,-75.0986995289933
2023-11-17,28.858999252319336,25.921366,103.71499633789062,False,-75.00711888041106
2023-11-20,30.459999084472656,29.471722,100.99099731445312,False,-70.81747637623127
2023-11-21,28.985000610351562,22.796196,101.55699920654297,False,-77.55329897299876
2023-11-22,28.666000366210938,25.248741,95.79900360107422,False,-73.64404617918258
2023-11-24,28.566999435424805,21.511713,94.802001953125,False,-77.30879877558851
2023-11-27,29.03700065612793,15.368186,92.8499984741211,False,-83.44837237526433
2023-11-28,28.56100082397461,19.873257,90.41999816894531,False,-78.02117110617786
2023-11-29,28.76300048828125,17.996403,90.85399627685547,False,-80.19195249745663
2023-11-30,27.347000122070312,20.028227,93.72799682617188,False,-78.63154283606276
2023-12-01,26.96299934387207,20.838022,89.8489990234375,False,-76.80773023790731
2023-12-04,26.635000228881836,24.778246,88.2750015258789,False,-71.93061965720922
2023-12-05,26.29599952697754,25.504078,97.62999725341797,False,-73.8768015682966
2023-12-06,25.341999053955078,26.016468,96.00800323486328,True,-72.90177154871984
2023-12-07,25.614999771118164,23.392498,92.8479995727539,False,-74.80559826382958
2023-12-08,27.264999389648438,24.199608,71.36499786376953,False,-66.09036842498567
2023-12-11,26.22599983215332,23.743574,71.7020034790039,False,-66.88575912748553
2023-12-12,26.53700065612793,25.60423,76.18599700927734,False,-66.3924712075115
2023-12-13,27.332000732421875,26.821918,75.47200012207031,False,-64.46110021707867
2023-12-14,29.440000534057617,22.096859,78.73999786376953,False,-71.93693221010504
2023-12-15,30.01099967956543,24.010483,85.74400329589844,False,-71.99747869804153
2023-12-18,32.21900177001953,25.58513,89.03500366210938,False,-71.26396401506906
2023-12-19,31.5939998626709,15.560848,85.87999725341797,False,-81.88070711021747
2023-12-20,30.20800018310547,21.232914,73.83000183105469,False,-71.24080530360195
2023-12-21,30.417999267578125,28.043835,76.25199890136719,False,-63.222164546067425
2023-12-22,28.972000122070312,22.065533,78.2699966430664,False,-71.80844048716224
2023-12-26,29.433000564575195,26.488333,83.03500366210938,False,-68.09979938556891
2023-12-27,29.5,21.26259,81.92900085449219,False,-74.04754093597693
2023-12-28,29.145000457763672,27.589643,82.26399993896484,False,-66.46206907169176
2023-12-29,28.426000595092773,25.583517,79.97000122070312,False,-68.00860737268347
2024-01-02,28.545000076293945,29.223936,79.8499984741211,True,-63.401456932520894
2024-01-03,28.06399917602539,27.639174,78.2760009765625,False,-64.69010531597522
2024-01-04,28.8799991607666,22.095724,82.23699951171875,False,-73.13165091500412
2024-01-05,29.21299934387207,27.12238,95.23600006103516,False,-71.52087520937856
2024-01-08,32.02799987792969,27.334164,90.44000244140625,False,-69.77646735084888
2024-01-09,34.37300109863281,28.257416,88.78900146484375,False,-68.17464403778324
2024-01-10,34.237998962402344,29.619295,90.39399719238281,False,-67.23311719781412
2024-01-11,34.33100128173828,26.52457,89.8949966430664,False,-70.4938300733184
2024-01-12,33.95600128173828,27.048641,87.3270034790039,False,-69.02602845941313
2024-01-16,32.63100051879883,24.592579,84.73799896240234,False,-70.97809815068797
2024-01-17,31.822999954223633,21.298014,88.38800048828125,False,-75.90395351238028
2024-01-18,31.143999099731445,31.341154,87.47200012207031,True,-64.17007264636337
2024-01-19,42.33599853515625,25.822527,83.97200012207031,False,-69.2486461031958
2024-01-22,43.624000549316406,25.001383,82.79399871826172,False,-69.80290454041776
2024-01-23,45.737998962402344,26.265554,78.45099639892578,False,-66.51979498827598
2024-01-24,47.01900100708008,33.00167,77.05899810791016,False,-57.17350128120249
2024-01-25,47.55799865722656,30.19117,77.16100311279297,False,-60.872502273413346
2024-01-26,47.415000915527344,25.339632,80.25199890136719,False,-68.42492102228488
2024-01-29,49.56700134277344,32.559174,77.79199981689453,False,-58.145858622195604
2024-01-30,51.297000885009766,24.098818,76.91100311279297,False,-68.66661875417809
2024-01-31,52.96099853515625,30.326778,78.68599700927734,False,-61.45848109633839
2024-02-01,58.349998474121094,26.644005,76.76100158691406,False,-65.28965976087588
2024-02-02,57.9630012512207,26.896822,77.4739990234375,False,-65.2827757509056
2024-02-05,66.33499908447266,20.08585,87.11000061035156,False,-76.94197035790627
2024-02-06,68.15899658203125,31.008657,84.4540023803711,False,-63.28337724506541
2024-02-07,68.36000061035156,30.889133,88.74099731445312,False,-65.19181169001999
2024-02-08,69.80000305175781,30.653349,92.0009994506836,False,-66.68150443391544
2024-02-09,74.02899932861328,26.628653,91.76399993896484,False,-70.98137331595899
2024-02-12,77.3010025024414,37.23116,90.5260009765625,False,-58.87241366174525
2024-02-13,79.14900207519531,28.11997,82.697998046875,False,-65.99679437739681
2024-02-14,88.05500030517578,32.391716,84.31199645996094,True,-61.58113036879571
2024-02-15,100.4000015258789,24.969172,83.11599731445312,True,-69.95864535008602
2024-02-16,80.33200073242188,25.812098,89.03600311279297,False,-71.00937076348869
2024-02-20,78.75700378417969,26.30533,81.93499755859375,False,-67.89487879379301
2024-02-21,73.41699981689453,22.694706,81.23200225830078,False,-72.06186560443217
2024-02-22,97.552001953125,26.718346,83.71700286865234,True,-68.08492334106901
2024-02-23,86.0009994506836,23.75361,84.69999694824219,True,-71.9555944901898
2024-02-26,87.63400268554688,25.920986,84.65799713134766,True,-69.38152678556703
2024-02-27,85.11100006103516,25.830223,89.93399810791016,False,-71.27868923107046
2024-02-28,81.65399932861328,29.803392,89.56099700927734,False,-66.72279964995133
2024-02-29,86.61199951171875,31.335684,89.99800109863281,False,-65.18180021766298
2024-03-01,90.5479965209961,25.879498,88.9219970703125,True,-70.8964054106739
2024-03-04,107.43399810791016,27.452173,90.99600219726562,True,-69.83145130538807
2024-03-05,109.08300018310547,23.599743,89.76799774169922,True,-73.7102937760617
2024-03-06,112.47000122070312,30.412704,87.69599914550781,True,-65.3203056420946
2024-03-07,115.97599792480469,23.782497,81.63099670410156,True,-70.86584953481169
2024-03-08,114.0009994506836,24.56363,80.16100311279297,True,-69.3571335231077
2024-03-11,108.02200317382812,28.783932,79.6780014038086,True,-63.874681561977695
2024-03-12,116.30000305175781,26.549938,78.62799835205078,True,-66.23348074685941
2024-03-13,118.80699920654297,30.741549,78.3219985961914,True,-60.749790494106605
2024-03-14,113.01100158691406,27.02229,71.15599822998047,True,-62.02387718771736
2024-03-15,106.88300323486328,27.15918,69.56099700927734,True,-60.95631049699046
2024-03-18,100.06800079345703,26.87041,71.21900177001953,True,-62.27072796392259
2024-03-19,91.09700012207031,22.726227,69.77300262451172,True,-67.42833767819424
2024-03-20,89.64700317382812,30.581913,66.63099670410156,True,-54.10257311594102
2024-03-21,97.16100311279297,26.629992,70.16500091552734,True,-62.04661699722301
2024-03-22,97.27400207519531,31.46825,67.2239990234375,True,-53.18896416191059
2024-03-25,104.27899932861328,28.48471,62.46500015258789,True,-54.39892640074015
2024-03-26,102.50599670410156,37.514877,60.882999420166016,True,-38.38201521505518
2024-03-27,102.3290023803711,36.093624,61.694000244140625,True,-41.4957305861874
2024-03-28,101.00299835205078,30.31018,49.27000045776367,True,-38.48146867778971
2024-04-01,103.71499633789062,29.053127,50.99399948120117,True,-43.0263803890716
2024-04-02,100.99099731445312,27.186125,50.875999450683594,True,-46.56394941589603
2024-04-03,101.55699920654297,33.270813,54.097999572753906,True,-38.498995801985494
2024-04-04,95.79900360107422,32.89398,56.74300003051758,True,-42.02989249562869
2024-04-05,94.802001953125,26.34032,57.70899963378906,True,-54.35665016841542
2024-04-08,92.8499984741211,33.700043,62.66899871826172,True,-46.22533722596529
2024-04-09,90.41999816894531,29.53507,62.880001068115234,True,-53.02946896054051
2024-04-10,90.85399627685547,23.969975,62.36199951171875,True,-61.56317195487302
2024-04-11,93.72799682617188,51.87104,61.090999603271484,True,-15.092172855098388
2024-04-12,89.8489990234375,30.69331,62.37799835205078,True,-50.794654213320946
2024-04-15,88.2750015258789,28.713005,60.481998443603516,True,-52.52636188486491
2024-04-16,97.62999725341797,46.794674,61.32400131225586,True,-23.692725656625374
2024-04-17,96.00800323486328,33.124462,56.250999450683594,True,-41.11311363147166
2024-04-18,92.8479995727539,44.947086,54.763999938964844,True,-17.925852048202103
2024-04-19,71.36499786376953,38.558674,44.3489990234375,True,-13.056270248027152
2024-04-22,71.7020034790039,44.905216,44.88199996948242,True,0.05172730175656092
2024-04-23,76.18599700927734,29.488035,43.77000045776367,True,-32.6295752944276
2024-04-24,75.47200012207031,40.04868,44.178001403808594,True,-9.347009644591942
2024-04-25,78.73999786376953,78.440475,42.34700012207031,True,85.23266167084587
2024-04-26,85.74400329589844,51.853424,41.459999084472656,True,25.068560582012772
2024-04-29,89.03500366210938,20.905617,38.645999908447266,True,-45.904836697770776
2024-04-30,85.87999725341797,37.57525,40.98699951171875,True,-8.323982809430987
2024-05-01,73.83000183105469,27.555891,41.27199935913086,True,-33.233447700926696
2024-05-02,76.25199890136719,45.364616,44.540000915527344,True,1.8514042693433153
2024-05-03,78.2699966430664,41.580914,44.2130012512207,True,-5.953198455277587
2024-05-06,83.03500366210938,42.00525,45.715999603271484,True,-8.116962577732718
2024-05-07,81.92900085449219,90.21945,44.90999984741211,False,100.88945048058306
2024-05-08,82.26399993896484,42.587276,43.9379997253418,True,-3.0741573923369017
2024-05-09,79.97000122070312,37.54448,43.6879997253418,True,-14.06226056090405
2024-05-10,79.8499984741211,49.980907,43.720001220703125,True,14.32046213328475
2024-05-13,78.2760009765625,45.678944,45.72700119018555,True,-0.10509667133531253
2024-05-14,82.23699951171875,46.465603,46.59400177001953,True,-0.27556958060273096
2024-05-15,95.23600006103516,42.47599,46.361000061035156,True,-8.379909321434631
2024-05-16,90.44000244140625,64.806335,45.814998626708984,True,41.452226108849636
2024-05-17,88.78900146484375,57.118484,40.2400016784668,True,41.94453805809734
2024-05-20,90.39399719238281,40.6134,41.9739990234375,True,-3.241529397907815
2024-05-21,89.8949966430664,70.57828,41.63999938964844,True,69.49634635546164
2024-05-22,87.3270034790039,45.31799,40.54999923706055,True,11.75829889522414
2024-05-23,84.73799896240234,20.790394,42.0,True,-50.49906231108166
2024-05-24,88.38800048828125,29.792059,41.54999923706055,True,-28.29829243864557
2024-05-28,87.47200012207031,32.38022,41.22999954223633,True,-21.464421864257286
2024-05-29,83.97200012207031,68.82127,47.7400016784668,True,44.15850729798546
2024-05-30,82.79399871826172,49.569576,45.349998474121094,True,9.304471733807304
2024-05-31,78.45099639892578,92.027435,47.290000915527344,False,94.60231237279973
2024-06-03,77.05899810791016,37.770134,46.470001220703125,True,-18.72146980848201
2024-06-04,77.16100311279297,50.585205,47.79999923706055,True,5.826790555479785
2024-06-05,80.25199890136719,45.943325,47.38999938964844,True,-3.0526996529985824
2024-06-06,77.79199981689453,63.428463,47.7599983215332,True,32.80666920287601
2024-06-07,76.91100311279297,60.194416,48.75,True,23.475725222856568
2024-06-10,78.68599700927734,28.506353,47.59000015258789,True,-40.100119170212366
2024-06-11,76.76100158691406,50.7985,47.2599983215332,True,7.487308220850478
2024-06-12,77.4739990234375,49.062916,47.79999923706055,True,2.6420849060646745
2024-06-13,87.11000061035156,101.28172,45.970001220703125,False,120.32134072871752
2024-06-14,84.4540023803711,81.54565,45.36000061035156,True,79.77435090437591
2024-06-17,88.74099731445312,48.774338,46.22999954223633,True,5.503651852719182
2024-06-18,92.0009994506836,92.3931,47.27000045776367,False,95.45821034290553
2024-06-20,91.76399993896484,78.41203,47.720001220703125,True,64.31691340157793
2024-06-21,90.5260009765625,61.1611,49.119998931884766,True,24.513639678692513
2024-06-24,82.697998046875,69.59232,33.06999969482422,True,110.43944343947044
2024-06-25,84.31199645996094,78.72269,29.110000610351562,True,170.43175924765941
2024-06-26,83.11599731445312,47.183495,26.049999237060547,True,81.12666391461755
2024-06-27,89.03600311279297,78.70436,26.030000686645508,True,202.3601954889411
2024-06-28,81.93499755859375,81.21926,27.700000762939453,True,193.2103210556548
2024-07-01,81.23200225830078,62.32174,22.700000762939453,True,174.54509736636334
2024-07-02,83.71700286865234,63.594704,25.479999542236328,True,149.5867535982492
2024-07-03,84.69999694824219,14.303764,24.520000457763672,True,-41.66490996645649
2024-07-05,84.65799713134766,66.5088,23.229999542236328,True,186.30563066077357
2024-07-08,89.93399810791016,80.40097,21.700000762939453,True,270.5113715769905
2024-07-09,89.56099700927734,42.63208,20.329999923706055,True,109.70034548998359
2024-07-10,89.99800109863281,87.68411,18.010000228881836,True,386.8634727067522
2024-07-11,88.9219970703125,71.91144,18.579999923706055,True,287.0368045401878
2024-07-12,90.99600219726562,57.503975,21.540000915527344,True,166.96366049408297
2024-07-15,89.76799774169922,65.39398,28.270000457763672,True,131.31935222744178
2024-07-16,87.69599914550781,71.99545,25.799999237060547,True,179.0521512010013
2024-07-17,81.63099670410156,88.99783,29.700000762939453,False,199.6559965177081
2024-07-18,80.16100311279297,40.86611,33.150001525878906,True,23.276349545469923
2024-07-19,79.6780014038086,44.728844,38.40999984741211,True,16.451038444819126
2024-07-22,78.62799835205078,56.428284,34.43000030517578,True,63.892777203732756
2024-07-23,78.3219985961914,39.93016,35.06999969482422,True,13.858457000083757
2024-07-24,71.15599822998047,41.323654,32.63999938964844,True,26.604335010834017
2024-07-25,69.56099700927734,83.578316,42.0,False,98.99598984491259
2024-07-26,71.21900177001953,100.350914,40.209999084472656,False,149.56706363173228
2024-07-29,69.77300262451172,87.8624,41.810001373291016,False,110.14683892443607
2024-07-30,66.63099670410156,63.701843,41.13999938964844,True,54.841624226536275
2024-07-31,70.16500091552734,72.66879,43.93000030517578,False,65.41951336168697
2024-08-01,67.2239990234375,68.78309,44.15999984741211,False,55.7588064351248
2024-08-02,62.46500015258789,70.03792,40.540000915527344,False,72.76249755582735
2024-08-05,60.882999420166016,63.296432,38.290000915527344,False,65.30799420652207
2024-08-06,61.694000244140625,78.015884,37.93000030517578,False,105.68384859403315
2024-08-07,49.27000045776367,76.0779,36.45000076293945,False,108.71852443117318
2024-08-08,50.99399948120117,55.34779,33.439998626708984,False,65.513732169227
2024-08-09,50.875999450683594,81.482994,33.79999923706055,False,141.07395242259804
2024-08-12,54.097999572753906,79.25512,32.22999954223633,False,145.90481057832255
2024-08-13,56.74300003051758,58.531128,31.239999771118164,False,87.35956580832111
2024-08-14,57.70899963378906,67.43063,31.59000015258789,False,113.45562905734229
2024-08-15,62.66899871826172,100.86616,32.400001525878906,False,211.31528636248146
2024-08-16,62.880001068115234,61.549335,34.33000183105469,True,79.28730613716198
2024-08-19,62.36199951171875,77.746704,33.7400016784668,False,130.42886850589937
2024-08-20,61.090999603271484,55.427696,31.979999542236328,True,73.31987811576855
2024-08-21,62.37799835205078,79.29168,30.68000030517578,False,158.44745304304166
2024-08-22,60.481998443603516,84.203125,30.479999542236328,False,176.25697593374042
2024-08-23,61.32400131225586,72.07968,30.049999237060547,False,139.86583436444414
2024-08-26,56.250999450683594,77.37073,33.33000183105469,False,132.13538340395044
2024-08-27,54.763999938964844,79.1917,36.45000076293945,False,117.2611855660231
2024-08-28,44.3489990234375,46.20025,34.380001068115234,False,34.38117301604403
2024-08-29,44.88199996948242,78.68233,32.61000061035156,False,141.28281446744674
2024-08-30,43.77000045776367,100.56357,32.599998474121094,False,208.4772172460833
2024-09-03,44.178001403808594,89.65797,31.079999923706055,False,188.47479676273596
2024-09-04,42.34700012207031,88.07735,30.530000686645508,False,188.49441474229894
2024-09-05,41.459999084472656,69.39622,30.989999771118164,False,123.93100309367149
2024-09-06,38.645999908447266,91.482254,31.1200008392334,False,193.96610398862012
2024-09-09,40.98699951171875,50.978592,30.81999969482422,False,65.40750299717376
2024-09-10,41.27199935913086,96.660774,32.45000076293945,False,197.87603068826894
2024-09-11,44.540000915527344,98.39763,33.86000061035156,False,190.60137923948503
2024-09-12,44.2130012512207,41.546303,33.40999984741211,True,24.352897291701943
2024-09-13,45.715999603271484,110.63265,33.27000045776367,False,232.5297588233075
2024-09-16,44.90999984741211,96.10054,29.06999969482422,False,230.5832169590393
2024-09-17,43.9379997253418,69.53704,28.18000030517578,False,146.76025534917204
2024-09-18,43.6879997253418,93.38029,27.799999237060547,False,235.90032278102964
2024-09-19,43.720001220703125,99.81457,28.639999389648438,False,248.51455898422495
2024-09-20,45.72700119018555,55.92839,28.520000457763672,False,96.10234784447539
2024-09-23,46.59400177001953,96.13907,26.850000381469727,False,258.0598407360362
2024-09-24,46.361000061035156,55.59972,29.15999984741211,False,90.67119441756468
2024-09-25,45.814998626708984,117.85895,31.489999771118164,False,274.274209623855
2024-09-26,40.2400016784668,106.84248,33.84000015258789,False,215.72837777406778
2024-09-27,41.9739990234375,69.35492,36.279998779296875,False,91.16571600650391
2024-09-30,41.63999938964844,75.935265,42.650001525878906,True,78.04281798519236
2024-10-01,40.54999923706055,87.32498,38.61000061035156,False,126.17192517225912
2024-10-02,42.0,67.75937,39.68000030517578,False,70.76453723627108
2024-10-03,41.54999923706055,83.09466,42.279998779296875,True,96.53420127021843
2024-10-04,41.22999954223633,72.97182,47.90999984741211,True,52.310200895446634
2024-10-07,47.7400016784668,68.760185,55.79999923706055,True,23.226140110824478
2024-10-08,45.349998474121094,73.14673,60.25,True,21.405358532157674
2024-10-09,47.290000915527344,78.24955,59.27000045776367,True,32.02218535747098
2024-10-10,46.470001220703125,66.381836,56.06999969482422,True,18.39100463492184
2024-10-11,47.79999923706055,61.664135,51.61000061035156,True,19.480980914539845
2024-10-14,47.38999938964844,107.83155,45.540000915527344,False,136.7842521526569
2024-10-15,47.7599983215332,118.105545,51.11000061035156,True,131.08108713272998
2024-10-16,48.75,98.10949,42.95000076293945,False,128.4272123356383
2024-10-17,47.59000015258789,65.09104,41.459999084472656,False,56.99720936395028
2024-10-18,47.2599983215332,91.22378,36.06999969482422,False,152.90762002442167
2024-10-21,47.79999923706055,100.530655,39.13999938964844,False,156.84889237329534
2024-10-22,45.970001220703125,74.208015,38.900001525878906,False,90.76609905150352
2024-10-23,45.36000061035156,73.715195,37.04999923706055,False,98.96139330662187
2024-10-24,46.22999954223633,66.20111,38.2400016784668,False,73.12005212887331
2024-10-25,47.27000045776367,61.600746,36.900001525878906,False,66.93968457313746
2024-10-28,47.720001220703125,68.84666,40.84000015258789,False,68.5765341383179
2024-10-29,49.119998931884766,95.549095,42.470001220703125,False,124.98020345530543
2024-10-30,33.06999969482422,54.643017,39.08000183105469,True,39.823475575591715
2024-10-31,29.110000610351562,63.79163,42.16999816894531,True,51.27254579355657
2024-11-01,26.049999237060547,54.345337,41.939998626708984,True,29.578776093362396
2024-11-04,26.030000686645508,61.846817,37.900001525878906,True,63.1842071942168
2024-11-05,27.700000762939453,52.275635,40.099998474121094,True,30.363183927205302
2024-11-06,22.700000762939453,79.77477,39.099998474121094,True,104.02755948147433
2024-11-07,25.479999542236328,53.64775,42.150001525878906,True,27.278170610632102
2024-11-08,24.520000457763672,63.798157,41.720001220703125,True,52.91983430389274
2024-11-11,23.229999542236328,47.96974,40.63999938964844,True,18.035783813293094
2024-11-12,21.700000762939453,70.615265,37.040000915527344,True,90.6459588206324
2024-11-13,20.329999923706055,72.1427,34.720001220703125,True,107.7842674507012
2024-11-14,18.010000228881836,49.786522,34.2599983215332,True,45.31968578740154
2024-11-15,18.579999923706055,69.732056,34.2400016784668,True,103.65669464296876
2024-11-18,21.540000915527344,59.315674,35.04999923706055,True,69.23159805780207
2024-11-19,28.270000457763672,70.38928,35.09000015258789,True,100.59641470640257
2024-11-20,25.799999237060547,33.01842,32.31999969482422,True,2.160957564561273
2024-11-21,29.700000762939453,49.474895,29.81999969482422,True,65.91179068952893
2024-11-22,33.150001525878906,80.51709,33.0,False,143.99118134469697
2024-11-25,38.40999984741211,50.51116,31.709999084472656,False,59.290959516088016
2024-11-26,34.43000030517578,61.895676,36.709999084472656,True,68.60712940022898
2024-11-27,35.06999969482422,47.743153,33.68000030517578,False,41.755202451917036
2024-11-29,32.63999938964844,66.17766,33.150001525878906,True,99.63093524865266
2024-12-02,42.0,49.67379,33.119998931884766,False,49.98125477053132
2024-12-03,40.209999084472656,56.47334,33.47999954223633,False,68.67783707573598
2024-12-04,41.810001373291016,56.65969,31.889999389648438,False,77.67228579918208
2024-12-05,41.13999938964844,55.740685,31.510000228881836,False,76.89839449187258
2024-12-06,43.93000030517578,50.89231,29.510000228881836,False,72.45784717542094
2024-12-09,44.15999984741211,59.00196,30.579999923706055,False,92.94297220928168
2024-12-10,40.540000915527344,67.53718,32.900001525878906,False,105.2801668912584
2024-12-11,38.290000915527344,65.1119,35.810001373291016,False,81.82602019712215
2024-12-12,37.93000030517578,44.579865,36.470001220703125,False,22.237079818484432
2024-12-13,36.45000076293945,63.32195,37.27000045776367,True,69.90058553094659
2024-12-16,33.439998626708984,43.59607,36.0,True,21.10019259982639
2024-12-17,33.79999923706055,69.61125,31.860000610351562,False,118.49105617542722
2024-12-18,32.22999954223633,48.376183,32.72999954223633,True,47.8037984501816
2024-12-19,31.239999771118164,51.79561,33.709999084472656,True,53.65057824746624
2024-12-20,31.59000015258789,63.748222,32.16999816894531,True,98.16047864314875
2024-12-23,32.400001525878906,37.413742,32.939998626708984,True,13.581492487049543
2024-12-24,34.33000183105469,78.05447,32.47999954223633,False,140.31547828705527
2024-12-26,33.7400016784668,54.865124,32.11000061035156,False,70.86615604451897
2024-12-27,31.979999542236328,73.63353,31.989999771118164,True,130.17671206601634
2024-12-30,30.68000030517578,51.89399,33.52000045776367,True,54.81500254863199
2024-12-31,30.479999542236328,57.244717,38.88999938964844,True,47.19649663847577
2025-01-02,30.049999237060547,52.544952,45.0,True,16.766560872395832
2025-01-03,33.33000183105469,69.7544,43.959999084472656,True,58.67698729157357
2025-01-06,36.45000076293945,56.676556,46.150001525878906,True,22.809433932007963
2025-01-07,34.380001068115234,53.579666,44.790000915527344,True,19.62416843604229
2025-01-08,32.61000061035156,65.4193,42.77000045776367,True,52.95603358538995
2025-01-10,32.599998474121094,34.38221,41.650001525878906,True,-17.449679428057376
2025-01-13,31.079999923706055,51.68335,41.31999969482422,True,25.08071149828422
2025-01-14,30.530000686645508,59.290527,40.09000015258789,True,47.893557291300425
2025-01-15,30.989999771118164,40.183144,41.56999969482422,True,-3.3361945857176343
2025-01-16,31.1200008392334,64.44268,41.959999084472656,True,53.58122441602675
2025-01-17,30.81999969482422,57.66443,41.150001525878906,True,40.132263846145435
2025-01-21,32.45000076293945,61.72103,40.02000045776367,True,54.2254634757039
2025-01-22,33.86000061035156,56.5223,41.20000076293945,True,37.19004775130544
2025-01-23,33.40999984741211,32.725952,43.189998626708984,False,-24.227938900188917
2025-01-24,33.27000045776367,64.2687,44.130001068115234,True,45.63493788907124
2025-01-27,29.06999969482422,37.531395,40.77000045776367,True,-7.943599369400702
2025-01-28,28.18000030517578,47.692776,41.54999923706055,True,14.784059210712956
2025-01-29,27.799999237060547,49.641903,43.119998931884766,True,15.125009631845431
2025-01-30,28.639999389648438,39.285736,42.90999984741211,True,-8.446198499919856
2025-01-31,28.520000457763672,61.0981,43.209999084472656,True,41.39805611992752
2025-02-03,26.850000381469727,45.743237,43.36000061035156,True,5.496392753342171
2025-02-04,29.15999984741211,30.44433,41.560001373291016,True,-26.746079861730998
2025-02-05,31.489999771118164,49.359497,43.689998626708984,True,12.97665054202493
2025-02-06,33.84000015258789,48.723244,43.11000061035156,True,13.020744661459116
2025-02-07,36.279998779296875,41.288425,44.470001220703125,True,-7.154431499465068
2025-02-10,42.650001525878906,34.564636,45.31999969482422,False,-23.732046638967184
2025-02-11,38.61000061035156,57.450054,40.88999938964844,True,40.49903405781174
2025-02-12,39.68000030517578,47.36144,42.84000015258789,True,10.554245057255631
2025-02-13,42.279998779296875,38.929054,46.61000061035156,False,-16.479180968712118
2025-02-14,47.90999984741211,42.59781,49.27000045776367,False,-13.542097742809506
2025-02-18,55.79999923706055,35.218636,47.58000183105469,True,-25.980171913117907
2025-02-19,60.25,47.668274,49.0099983215332,True,-2.737654441343754
2025-02-20,59.27000045776367,43.007668,47.20000076293945,True,-8.882061766251681
2025-02-21,56.06999969482422,45.44123,48.7400016784668,True,-6.768097642471776
2025-02-24,51.61000061035156,39.985664,48.560001373291016,True,-17.657200912542176
2025-02-25,45.540000915527344,36.681427,47.11000061035156,False,-22.13664502926572
2025-02-26,51.11000061035156,38.496025,49.11000061035156,True,-21.612656063916024
2025-02-27,42.95000076293945,40.33676,50.02000045776367,False,-19.358734295355944
2025-02-28,41.459999084472656,61.664043,50.36000061035156,True,22.446470768784202
2025-03-03,36.06999969482422,61.140953,49.2400016784668,True,24.1692749387181
2025-03-04,39.13999938964844,44.912064,49.72999954223633,True,-9.688188192142613
2025-03-05,38.900001525878906,40.678608,53.16999816894531,True,-23.493305733396202
2025-03-06,37.04999923706055,17.175419,53.220001220703125,False,-67.72751134947671
2025-03-07,38.2400016784668,40.652615,52.75,True,-22.933432050225857
2025-03-10,36.900001525878906,45.016087,51.77000045776367,True,-13.045999265355778
2025-03-11,40.84000015258789,45.221954,51.5,True,-12.190379911256068
2025-03-12,42.470001220703125,43.524136,49.86000061035156,True,-12.707310355380436
2025-03-13,39.08000183105469,67.42168,51.70000076293945,True,30.40943063983983
2025-03-14,42.16999816894531,45.292915,52.52000045776367,True,-13.760634140392625
2025-03-17,41.939998626708984,40.541477,54.470001220703125,False,-25.571000009524486
2025-03-18,37.900001525878906,31.799776,60.04999923706055,False,-47.04450211275788
2025-03-19,40.099998474121094,40.78,58.630001068115234,True,-30.445167940693985
2025-03-20,39.099998474121094,63.483932,60.709999084472656,True,4.569154097309153
2025-03-21,42.150001525878906,34.679623,58.970001220703125,False,-41.19107693358636
2025-03-24,41.720001220703125,36.33104,56.63999938964844,False,-35.85621500668515
2025-03-25,40.63999938964844,43.221157,58.22999954223633,True,-25.77510318779113
2025-03-26,37.040000915527344,41.31465,57.2599983215332,True,-27.84727086916274
2025-03-27,34.720001220703125,31.121881,46.790000915527344,False,-33.48604215423834
2025-03-28,34.2599983215332,44.885647,46.66999816894531,True,-3.823337087817326
2025-03-31,34.2400016784668,43.78444,44.599998474121094,True,-1.8286085540569135
2025-04-01,35.04999923706055,30.497803,45.20000076293945,False,-32.52698623983018
2025-04-02,35.09000015258789,34.529823,46.43000030517578,False,-25.630361670763445
2025-04-03,32.31999969482422,47.146606,46.06999969482422,True,2.336893331061241
2025-04-04,29.81999969482422,37.771294,45.4900016784668,True,-16.967922078542845
2025-04-07,33.0,46.601288,45.369998931884766,True,2.7138834888682224
2025-04-08,31.709999084472656,76.65538,45.86000061035156,True,67.1508487326987
2025-04-09,36.709999084472656,50.186466,43.2400016784668,True,16.06490348966269
2025-04-10,33.68000030517578,43.568398,42.61000061035156,True,2.2492299880142768
2025-04-11,33.150001525878906,37.632385,42.310001373291016,True,-11.055580164404342
2025-04-14,33.119998931884766,50.87095,43.880001068115234,True,15.931967988188001
2025-04-15,33.47999954223633,43.01507,44.06999969482422,True,-2.393755010739494
2025-04-16,31.889999389648438,42.072716,44.36000061035156,True,-5.156187600548574
2025-04-17,31.510000228881836,20.280787,44.7599983215332,False,-54.68993012780003
2025-04-21,29.510000228881836,43.63853,43.970001220703125,True,-0.7538559934037058
2025-04-22,30.579999923706055,42.078648,41.540000915527344,True,1.2966939964527173
2025-04-23,32.900001525878906,49.661674,40.779998779296875,True,21.77948991191211
2025-04-24,35.810001373291016,52.964973,40.099998474121094,True,32.08223308010465
2025-04-25,36.470001220703125,51.949265,40.70000076293945,True,27.63946818809663
2025-04-28,37.27000045776367,46.809734,40.40999984741211,True,15.8370069815285
2025-04-29,36.0,48.297997,40.040000915527344,True,20.624364177440203
2025-04-30,31.860000610351562,31.35656,42.91999816894531,False,-26.941842751274976
2025-05-01,32.72999954223633,42.252758,43.90999984741211,True,-3.774178608626741
2025-05-02,33.709999084472656,32.994976,43.95000076293945,False,-24.926108143497537
2025-05-05,32.16999816894531,32.05906,45.0,False,-28.757646348741318
2025-05-06,32.939998626708984,35.72424,45.380001068115234,True,-21.277570496873132
2025-05-07,32.47999954223633,56.859947,44.90999984741211,True,26.608655973679184
2025-05-08,32.11000061035156,42.58223,44.900001525878906,True,-5.162075351568095
2025-05-09,31.989999771118164,36.906265,45.939998626708984,True,-19.664200343854198
2025-05-12,33.52000045776367,35.311623,45.810001373291016,True,-22.917219906007393
2025-05-13,38.88999938964844,30.624378,46.869998931884766,False,-34.661022184251586
2025-05-14,45.0,45.182884,46.9900016784668,True,-3.845748877651809
2025-05-15,43.959999084472656,40.351772,46.20000076293945,False,-12.65850293942236
2025-05-16,46.150001525878906,35.716206,46.2400016784668,False,-22.75907374467879
2025-05-19,44.790000915527344,44.748825,45.81999969482422,False,-2.337788364723691
2025-05-20,42.77000045776367,48.249214,46.36000061035156,True,4.075093910999394
2025-05-21,41.650001525878906,48.95375,47.939998626708984,True,2.1146266430591485
2025-05-22,41.31999969482422,41.384052,52.38999938964844,True,-21.007725217137025
2025-05-23,40.09000015258789,47.23422,52.5,True,-10.030059814453125
2025-05-27,41.56999969482422,28.07,51.959999084472656,False,-45.977674770182105
2025-05-28,41.959999084472656,33.490227,54.619998931884766,False,-38.68504686832694
2025-05-29,41.150001525878906,31.068897,55.06999969482422,False,-43.58289918379194
2025-05-30,40.02000045776367,37.16111,58.68000030517578,False,-36.67159214203571
2025-06-02,41.20000076293945,34.375904,57.97999954223633,False,-40.710754821220114
2025-06-03,43.189998626708984,34.943558,52.86000061035156,False,-33.89414049228213
2025-06-04,44.130001068115234,42.70371,54.75,False,-22.00235863254495
2025-06-05,40.77000045776367,37.973957,53.11000061035156,False,-28.499422659833012
2025-06-06,41.54999923706055,31.463634,53.939998626708984,False,-41.669196714834115
2025-06-09,43.119998931884766,42.355045,53.84000015258789,False,-21.33163967577057
2025-06-10,42.90999984741211,30.333769,52.18000030517578,False,-41.867058897668
2025-06-11,43.209999084472656,29.443596,55.040000915527344,False,-46.505095573274
2025-06-12,43.36000061035156,33.7901,54.81999969482422,False,-38.36172877460539
2025-06-13,41.560001373291016,39.67632,52.5,False,-24.426058814639138
2025-06-16,43.689998626708984,25.289335,47.91999816894531,False,-47.22592609103371
2025-06-17,43.11000061035156,38.30414,48.290000915527344,False,-20.678945004373986
2025-06-18,44.470001220703125,35.43937,51.56999969482422,False,-31.279097515261377
2025-06-20,45.31999969482422,32.043728,52.36000061035156,False,-38.80113158665468
2025-06-23,40.88999938964844,32.521885,52.689998626708984,False,-38.276929652969685
2025-06-24,42.84000015258789,31.743805,50.369998931884766,False,-36.97874606952504
2025-06-25,46.61000061035156,29.412327,51.959999084472656,False,-43.39428920133776
2025-06-26,49.27000045776367,29.026245,50.75,False,-42.805428340517246
2025-06-27,47.58000183105469,32.465446,47.400001525878906,True,-31.507499099039354
2025-06-30,49.0099983215332,42.019238,42.029998779296875,True,-0.025603762309954915
2025-07-01,47.20000076293945,38.379635,40.34000015258789,True,-4.859606564191832
2025-07-02,48.7400016784668,35.668583,39.7599983215332,True,-10.290280628753473
2025-07-03,48.560001373291016,43.676838,40.189998626708984,True,8.675888065635196
2025-07-07,47.11000061035156,33.438744,38.81999969482422,True,-13.862071473001828
2025-07-08,49.11000061035156,30.941929,37.90999984741211,True,-18.3805618885076
2025-07-09,50.02000045776367,34.30158,35.09000015258789,True,-2.246855592564678
2025-07-10,50.36000061035156,46.05208,36.41999816894531,True,26.447228342636503
2025-07-11,49.2400016784668,36.08804,34.099998474121094,True,5.830032296280055
2025-07-14,49.72999954223633,42.02172,34.900001525878906,True,20.406071773580567
2025-07-15,53.16999816894531,43.500614,33.72999954223633,True,28.967135359100087
2025-07-16,53.220001220703125,42.88441,31.559999465942383,True,35.88216598175968
2025-07-17,52.75,43.38083,32.189998626708984,True,34.76492919582647
2025-07-18,51.77000045776367,39.519512,33.31999969482422,True,18.60598000741416
2025-07-21,51.5,43.473793,32.47999954223633,True,33.847886830332996
2025-07-22,49.86000061035156,51.079163,32.83000183105469,False,55.58684053845907
2025-07-23,51.70000076293945,33.80028,33.849998474121094,True,-0.1468743034092013
2025-07-24,52.52000045776367,42.581734,33.40999984741211,True,27.45206195177999
2025-07-25,54.470001220703125,41.7162,32.91999816894531,True,26.719939558134737
2025-07-28,60.04999923706055,43.97824,33.68000030517578,True,30.576723777637582
2025-07-29,58.630001068115234,41.518913,34.22999954223633,True,21.29393463126654
2025-07-30,60.709999084472656,42.193535,34.689998626708984,True,21.630258061146222
2025-07-31,58.970001220703125,43.471123,35.369998931884766,True,22.903941347059487
2025-08-01,56.63999938964844,41.411663,35.02000045776367,True,18.251463489742093
2025-08-04,58.22999954223633,49.911427,34.900001525878906,True,43.012677254983316
2025-08-05,57.2599983215332,42.00784,34.02000045776367,True,23.47983138634641
2025-08-06,46.790000915527344,30.53821,32.33000183105469,True,-5.542195528651171
2025-08-07,46.66999816894531,35.850864,31.3700008392334,True,14.283912818908592
2025-08-08,44.599998474121094,30.444622,31.65999984741211,True,-3.8388433779999924
2025-08-11,45.20000076293945,41.901443,29.84000015258789,True,40.42038628411799
2025-08-12,46.43000030517578,37.086975,29.3700008392334,True,26.27502226051784
2025-08-13,46.06999969482422,39.44356,31.110000610351562,True,26.787402057557664
2025-08-14,45.4900016784668,34.717453,31.06999969482422,True,11.739470048057573
2025-08-15,45.369998931884766,41.737946,30.760000228881836,True,35.68902875836504
2025-08-18,45.86000061035156,30.777496,30.549999237060547,True,0.7446713797429455
2025-08-19,43.2400016784668,30.21033,30.639999389648438,True,-1.4023183499392189
2025-08-20,42.61000061035156,31.746843,30.079999923706055,True,5.54136774778713
2025-08-21,42.310001373291016,47.576538,29.649999618530273,False,60.460501511115474
2025-08-22,43.880001068115234,33.82198,29.270000457763672,True,15.551687713534095
2025-08-25,44.06999969482422,39.96696,30.959999084472656,True,29.09225480897065
2025-08-26,44.36000061035156,36.318714,30.06999969482422,True,20.780560393876694
2025-08-27,44.7599983215332,31.780218,30.540000915527344,True,4.060959959669633
2025-08-28,43.970001220703125,31.223537,30.010000228881836,True,4.043776097737602
2025-08-29,41.540000915527344,35.63623,29.899999618530273,True,19.18471880736997
2025-09-02,40.779998779296875,35.71362,30.15999984741211,True,18.413857469704713
2025-09-03,40.099998474121094,29.745644,30.1200008392334,True,-1.2428858335990345
2025-09-04,40.70000076293945,35.134087,28.600000381469727,True,22.846455035890497
2025-09-05,40.40999984741211,43.868347,28.270000457763672,False,55.17632280731488
2025-09-08,40.040000915527344,40.7473,29.420000076293945,False,38.502036331295955
2025-09-09,42.91999816894531,33.25735,32.63999938964844,True,1.8913956603142916
2025-09-10,43.90999984741211,40.21951,31.40999984741211,True,28.046830054568023
2025-09-11,43.95000076293945,49.943363,32.2400016784668,False,54.91116808177651
2025-09-12,45.0,33.25079,32.45000076293945,True,2.4677622821787337
2025-09-15,45.380001068115234,43.125984,31.700000762939453,True,36.044110895773926
2025-09-16,44.90999984741211,39.716007,30.799999237060547,True,28.94807862487591
2025-09-17,44.900001525878906,33.511024,31.200000762939453,True,7.407127101430475
2025-09-18,45.939998626708984,36.172134,31.209999084472656,True,15.89918442967891
2025-09-19,45.810001373291016,32.86877,30.1200008392334,True,9.126061366344226
2025-09-22,46.869998931884766,47.561165,29.110000610351562,False,63.38427983077474
2025-09-23,46.9900016784668,37.794895,29.709999084472656,True,27.212710658991217
2025-09-24,46.20000076293945,46.35722,29.670000076293945,False,56.242735344931496
2025-09-25,46.2400016784668,34.01271,33.7599983215332,True,0.7485552793842156
2025-09-26,45.81999969482422,50.41164,30.850000381469727,False,63.40888020706943
2025-09-29,46.36000061035156,45.225883,34.380001068115234,True,31.547068292066438
2025-09-30,47.939998626708984,39.630398,33.529998779296875,True,18.193853979799965
2025-10-01,52.38999938964844,41.86759,33.33000183105469,True,25.615330206494942
2025-10-02,52.5,43.48224,32.040000915527344,True,35.71235183223334
2025-10-03,51.959999084472656,50.122303,30.43000030517578,True,64.71344892003827
2025-10-06,54.619998931884766,29.810534,30.540000915527344,True,-2.388563752782643
2025-10-07,55.06999969482422,42.882664,30.110000610351562,True,42.42000284803696
2025-10-08,58.68000030517578,34.145782,29.709999084472656,True,14.930271029690953
2025-10-09,57.97999954223633,41.30102,32.15999984741211,True,28.423575161338803
2025-10-10,52.86000061035156,40.527378,32.41999816894531,True,25.007342292499047
2025-10-13,54.75,39.227062,30.709999084472656,True,27.733843682123293
2025-10-14,53.11000061035156,54.373547,31.1299991607666,False,74.66607152649472
2025-10-15,53.939998626708984,52.186264,33.599998474121094,True,55.316269071500365
2025-10-16,53.84000015258789,46.251278,32.279998779296875,True,43.28153554097325
2025-10-17,52.18000030517578,41.815742,32.38999938964844,True,29.100781971733312
2025-10-20,55.040000915527344,47.943523,31.829999923706055,True,50.62369940904551
2025-10-21,54.81999969482422,45.401554,30.68000030517578,True,47.984203572536074
2025-10-22,52.5,46.15457,32.650001525878906,True,41.36162136660326
2025-10-23,47.91999816894531,41.450596,32.2400016784668,True,28.568839012802783
2025-10-24,48.290000915527344,56.60836,31.309999465942383,False,80.7996207476892
2025-10-27,51.56999969482422,39.114605,31.979999542236328,True,22.309585709318394
2025-10-28,52.36000061035156,49.69975,31.790000915527344,True,56.33767713622441
2025-10-29,52.689998626708984,46.376003,31.790000915527344,True,45.88235901160105
2025-10-30,50.369998931884766,41.746536,30.899999618530273,True,35.102060745165936
2025-10-31,51.959999084472656,36.171097,30.75,True,17.629583095147357
2025-11-03,50.75,49.153435,31.860000610351562,True,54.279453269839664
2025-11-04,47.400001525878906,46.718258,31.510000228881836,True,48.264860567125986
2025-11-05,42.029998779296875,42.987896,30.350000381469727,False,41.64051210958978
2025-11-06,40.34000015258789,27.402664,30.790000915527344,True,-11.001418091055669
2025-11-07,39.7599983215332,35.734653,20.530000686645508,True,74.06065405611656
2025-11-10,40.189998626708984,36.09041,21.579999923706055,True,67.24007624091458
2025-11-11,38.81999969482422,44.435745,22.229999542236328,False,99.89089588072747
2025-11-12,37.90999984741211,34.02191,24.049999237060547,True,41.463254471404284
2025-11-13,35.09000015258789,31.262798,22.209999084472656,True,40.76001620001175
2025-11-14,36.41999816894531,36.04732,21.969999313354492,True,64.07520457985936
2025-11-17,34.099998474121094,33.876038,21.059999465942383,True,60.854883460180474
2025-11-18,34.900001525878906,35.79863,22.770000457763672,False,57.218397193910754
2025-11-19,33.72999954223633,31.335524,22.510000228881836,True,39.207122553206844
2025-11-20,31.559999465942383,41.02959,23.219999313354492,False,76.69936184318554
2025-11-21,32.189998626708984,41.759727,22.049999237060547,False,89.38652572758217
2025-11-24,33.31999969482422,51.122353,22.670000076293945,False,125.50662738442769
2025-11-25,32.47999954223633,37.7763,23.3700008392334,False,61.64440379279159
2025-11-26,32.83000183105469,40.37739,23.219999313354492,False,73.89058143495872
2025-11-28,33.849998474121094,36.02253,25.260000228881836,False,42.607004258310575
2025-12-01,33.40999984741211,38.599705,25.854999542236328,False,49.2930010668759
